[{"id":7,"nombre":"Alejandro","apellido":"Square","email":"asquare@espe.edu.ec","fechaNacimiento":1740286800000,"notas":[{"id":23,"asignatura":"Pruebas de Software","nota":8.0,"calificacion":"Notable","fecha_registro":1740027600000},{"id":24,"asignatura":"Programacion web","nota":2.0,"calificacion":"Suspendido","fecha_registro":1740027600000},{"id":31,"asignatura":"Analisis y diseño","nota":8.0,"calificacion":"Notable","fecha_registro":1740114000000}]},{"id":8,"nombre":"Matias","apellido":"Suere","email":"msuere@espe.edu.ec","fechaNacimiento":1738904400000,"notas":[{"id":26,"asignatura":"Analisis y diseño","nota":7.0,"calificacion":"Notable","fecha_registro":1740027600000},{"id":28,"asignatura":"Pruebas de Software","nota":6.0,"calificacion":"Bien","fecha_registro":1740027600000}]},{"id":9,"nombre":"Jormin","apellido":"Kausa","email":"jkausa@espe.edu.ec","fechaNacimiento":1738990800000,"notas":[{"id":27,"asignatura":"Programacion web","nota":10.0,"calificacion":"Sobresaliente","fecha_registro":1740027600000},{"id":29,"asignatura":"Analisis y diseño","nota":10.0,"calificacion":"Sobresaliente","fecha_registro":1740027600000}]},{"id":10,"nombre":"Cliente 3","apellido":"Square Papu","email":"alexis.santy07@gmail.com","fechaNacimiento":1741237200000,"notas":[{"id":30,"asignatura":"Analisis y diseño","nota":9.0,"calificacion":"Sobresaliente","fecha_registro":1740114000000}]},{"id":11,"nombre":"Alejandro","apellido":"Scuarealcubo","email":"ascuarealcubo@espe.edu.ec","fechaNacimiento":1738990800000,"notas":[]},{"id":12,"nombre":"Kevin","apellido":"Kausa2","email":"kkausa2@espe.edu.ec","fechaNacimiento":1738990800000,"notas":[]}]